"TID","EN","AR","FR","CN","CNT","DE","IT","JP","KR","PL","PT","RU","ES","FI","NL","TR","ID","TH"
"string","string","string","string","string","string","string","string","string","string","string","string","string","string","string","string","string","string","string"
"mount_glidon_01_a","Janky Glidon – Jelly","المجنح المعطوب - نموذج الجيلي","Glider rudimentaire – Prune","东拼西凑 - 水母","東拼西湊 - 水母","Ramschgleiter – Wackelpudding","Hoverskate scrauso (gelatina)","ジャンキーG - ジェリー","싸구려 글라이돈 - 젤리","Rozklekotany lotniowiec – Galareta","Planador partido (gelatina)","Кустарный глайдер — желе","Aeropatín minimalista (gelatina)","Heikko glidon – Hyytelö","Gammele zwever - gelei","Tutarsız Glidon - Jöle","Jet Ringkih – Jeli","ยานบินระหกระเหิน - เยลลี่"
"mount_glidon_01_b","Janky Glidon – Lime","المجنح المعطوب - نموذج الليمون","Glider rudimentaire – Citron vert","东拼西凑 - 酸橙","東拼西湊 - 酸橙","Ramschgleiter – Limette","Hoverskate scrauso (lime)","ジャンキーG - ライム","싸구려 글라이돈 - 라임","Rozklekotany lotniowiec – Limonka","Planador partido (limão)","Кустарный глайдер — лайм","Aeropatín minimalista (lima)","Heikko glidon – Lime","Gammele zwever - limoen","Tutarsız Glidon - Misket Limonu","Jet Ringkih – Limau","ยานบินระหกระเหิน - ไลม์"
"mount_gnarley_01_a","Gnarley Scooty – Speed Bump Moss","الدراجة النارية الخطيرة - نموذج طحالب المطبات","Bécane basique – Ralentisseur","踏板机车 - 减速带绿","踏板機車 - 減速帶綠","Toller Roller – Moosgrelle Bremsschwelle","Mo.cocicletta vintage (dosso muschiato)","クレイジースクーティー - スピードバンプモス","크레이지 스쿠터 - 과속방지턱 그린","Skuterek gnarley – Zamszony próg zwalniający","mo.toneta porreta (musgo acelerado)","Мопед — замшелый бугор","Ciclomo.cor clásico (badén musgoso)","Säntäilevä peto – Hidastustöyssysammal","Razende scooter - riskant mos","Gnarley Scooter - Kasis Yosunu","Moge Vespa – Hijau Lumut","สกูตเตอร์ฮาร์เลย์ - ลูกระนาด"
"mount_gnarley_01_b","Gnarley Scooty – Speed Limit Green","الدراجة النارية الخطيرة - نموذج أخضر السرعة","Bécane basique – Feu vert","踏板机车 - 限速区绿","踏板機車 - 限速區綠","Toller Roller – Tempolimit-Grün","Mo.cocicletta vintage (verde guida piano)","クレイジースクーティー - スピードリミットグリーン","크레이지 스쿠터 - 속도제한 그린","Skuterek gnarley – Zielone ograniczenie prędkości","mo.toneta porreta (verde-no-limite)","Мопед — зелёный светофор","Ciclomo.cor clásico (verde al límite)","Säntäilevä peto – Nopeusrajoitusvihreä","Razende scooter - hachelijk groen","Gnarley Scooter - Hız Sınırı Yeşili","Moge Vespa – Hijau Botol","สกูตเตอร์ฮาร์เลย์ - ป้ายจำกัดความเร็ว"
"mount_tuff_01_a","Wild-ish Tuff – Radish","خنزير البرية الجامح - نموذج الفجل","Brutoporc – Radis","野性坐骑- 水萝卜","野性坐騎- 水蘿蔔","Wurzelwutz – Rettich","Bistekkone semiselvatico (rapanello)","プチワイルドポーク - ラディッシュ","와일드 터프 - 래디시","Dziki twardziel – Rzodkiewka","Selva indomável (rabanete)","Диковатый хряк — редиска","Detestocino (rábano)","Villihkö porsas – Retiisi","Wildachtige Tuf - radijs","Vahşimsi Tuff - Turp","Babi Liar – Lobak Merah","หมูป่า - แรดิช"
"mount_tuff_01_b","Wild-ish Tuff – Potato","خنزير البرية الجامح - نموذج البطاطس","Brutoporc – Patate","野性坐骑 - 土豆","野性坐騎 - 馬鈴薯","Wurzelwutz – Kartoffel","Bistekkone semiselvatico (patata)","プチワイルドポーク - ジャガイモ","와일드 터프 - 포테이토","Dziki twardziel – Ziemniak","Selva indomável (batata)","Диковатый хряк — картошка","Detestocino (patata)","Villihkö porsas – Peruna","Wildachtige Tuf - aardappel","Vahşimsi Tuff - Patates","Babi Liar – Kentang","หมูป่า - โปเตโต้"
"mount_llambra_01_a","Docile Llambra – Winter Frost","لامبرا الهدوء - نموذج صقيع الشتاء","Gardien docile – Froid d'hiver","温顺座驾 - 冬日冰雪","溫順座駕 - 冬日冰雪","Wohlgesonnener Wollwidder – Frostwinter","Aries docile (brina invernale)","ピースブリンガー - ウィンターフロスト","온순한 람브라 - 윈터 포레스트","Potulna Jagienka – Zimowy szron","Aríete aprazível (gelo invernal)","Послушная ламбра — зимний мороз","Carnerito dócil (escarcha invernal)","Rauhallinen lampakka – Talvikuura","Tamme llambra - wintervorst","Uysal Llambra - Kış Ayazı","Bison Jinak – Musim Dingin","จามรีแสนเชื่อง - ลมฤดูหนาว"
"mount_llambra_01_b","Docile Llambra – Autumn Gold","لامبرا الهدوء - نموذج ذهب الخريف","Gardien docile – Feuilles d'automne","温顺座驾 - 秋日金黄","溫順座駕 - 秋日金黃","Wohlgesonnener Wollwidder – Goldherbst","Aries docile (oro autunnale)","ピースブリンガー - オータムゴールド","온순한 람브라 - 어텀 골드","Potulna Jagienka – Złota jesień","Aríete aprazível (ouro outonal)","Послушная ламбра — осеннее золото","Carnerito dócil (oro otoñal)","Rauhallinen lampakka – Syyskulta","Tamme llambra - herfstgoud","Uysal Llambra - Altın Güz","Bison Jinak – Musim Gugur","จามรีแสนเชื่อง - ใบไม้แดงอร่าม"
"mount_screechums_01_a","Hungry Screechums – Dusty Rocks","خفاش الجنون - نموذج صخور الغبار","Hurleur vorace – Tronc d'arbre","饥饿飞魔 - 尘土覆盖","飢餓飛魔 - 塵土覆蓋","Hungriger Grabsteinheuler – Geröll","Demone della sciagura affamato (roccia)","ハングリーデビル - ダスティロック","헝그리 배트몬 - 흙투성이 바위","Głodne wyjce – Piaszczyste kamienie","Fome flutuante (rochas rochosas)","Голодный крикляк — пыльные камни","Revoloteo hambriento (arenisca)","Nälkäiset kirskut – Hiekkaiset kivet","Hongerige krijser - stoffig steen","Aç Screechums - Toz Toprak","Kelelawar Lapar – Tanah Tandus","มารร้ายหิวโหย - หินคลุกฝุ่น"
"mount_screechums_01_b","Hungry Screechums – Broken Boulders","خفاش الجنون - نموذج الصخور المحطمة","Hurleur vorace – Rocher brisé","饥饿飞魔 - 粉碎岩石","飢餓飛魔 - 粉碎岩石","Hungriger Grabsteinheuler – Steinbruch","Demone della sciagura affamato (mirtillo)","ハングリーデビル - ブロークンボルダー","헝그리 배트몬 - 무너진 경계","Głodne wyjce – Zniszczone kamulce","Fome flutuante (pedriscos)","Голодный крикляк — разбитый булыжник","Revoloteo hambriento (guijarro)","Nälkäiset kirskut – Hajonneet lohkareet","Hongerige krijser - gebroken rots","Aç Screechums - Kaya Parçaları","Kelelawar Lapar – Bongkahan Batu","มารร้ายหิวโหย - ศิลาพ่าย"
"mount_wisp_01_a","Careless Wisp – Milk Chocolate","العثة الطائشة - نموذج الحليب بالشوكولاتة","Phalabelle – Chocolat blanc","不羁精灵 - 牛奶巧克力","不羈精靈 - 牛奶巧克力","Sorgloses Irrlicht – Milchschokolade","Koleotterus spavaldo (cioccolato al latte)","ケアレスウィスプ - ミルクチョコレート","덜렁이 플라이 - 밀크 초콜릿","Nieostrożna smuga – Czekolada mleczna","Traça intrépida (chocolate branco)","Беспечный мотылёк — молочный шоколад","Intrepiavispa (chocolate blanco)","Hellä kimalainen – Maitosuklaa","Vlindervlieg - melkchocolade","Sakar Meşale - Sütlü Çikolata","Ngengat – Cokelat Susu","แมลงเลินเล่อ - มิลค์ช็อคโกแลต"
"mount_wisp_01_b","Careless Wisp – Chocolate Milk","العثة الطائشة - نموذج الشوكولاتة بالحليب","Phalabelle – Chocolat au lait","不羁精灵 - 巧克力牛奶","不羈精靈 - 巧克力牛奶","Sorgloses Irrlicht – Schokoladenmilch","Koleotterus spavaldo (latte al cioccolato)","ケアレスウィスプ - チョコレートミルク","덜렁이 플라이 - 초콜릿 밀크","Nieostrożna smuga – Czekoladowe mleko","Traça intrépida (chocolate com leite)","Беспечный мотылёк — шоколадное молоко","Intrepiavispa (chocolate con leche)","Hellä kimalainen – Suklaamaito","Vlindervlieg - chocolademelk","Sakar Meşale - Çikolatalı Süt","Ngengat – Susu Cokelat","แมลงเลินเล่อ - ช็อคโกแลตมิลค์"
"TID_W00_OA01_6","oooops! I actually have some more hunting for you to do...<BR/>but hurry, I got somewhere to be...","يا خبر! في الواقع لديّ المزيد من أعمال الصيد لك...<BR/>لكن أسرع، علىّ الذهاب إلى مكان ما...","oups ! j'ai d'autres missions pour toi, j'ai failli oublier !<BR/>mais faisons ça vite, j'ai d'autres chats à fouetter !","哦，对了！其实我还真有些狩猎任务要拜托你...<BR/>动作要快，我晚点还要去别的地方...","喔對了！其實我還真有一些狩獵任務要拜託你...<BR/>動作要快，我等等還要去別的地方...","Uuups! Ich habe tatsächlich noch etwas für dich zu jagen ...<BR/>Aber halt dich ran, ich muss noch wo hin ...","ah quasi dimenticavo! in realtà, ho qualche altro lavoretto da cacciamostri per te...<BR/>sbrigati però, che ho da fare...","そうだ、もう1個ハントのお願いをしてもいいかな...？<BR/>この後用事があるから、あまり時間がないんだけど...","아참! 헌터님이 해야 하는 사냥이 좀 더 있어요...<BR/>서두르세요. 제가 꽤나 바빠서 말이죠...","upssss! muszę ci zlecić jeszcze trochę polowania...<BR/>spręż się, bo mam coś do zrobienia...","ooops, tem mais tarefas pra você!<BR/>então vamos logo pq preciso sair já, já.","ой слушай! вообще-то у меня есть ещё кое-какая работа для тебя...<BR/>только давай быстрее, а то мне надо бежать...","uuups! necesito que caces un poco más...<BR/>pero date prisa, que tengo cosas que hacer...","hupsss! mulla on sulle itse asiassa vähän lisää metsästettävää...<BR/>mutta toimi nopeasti, mullakin on jo kiire...","oeeeps! ik heb eigenlijk nog wat jachtwerk voor je...<BR/>ik heb een afspraak, dus een beetje tempo graag...","hay aksi! biraz daha avlanmanı isteyeceğim...<BR/>ama acele et, yetişmem gereken bir yer var...","uuups! ada beberapa target lagi yang harus kamu buru ...<BR/>jangan lama-lama, aku sudah ada janji ...","อุ๊บส์! ฉันมีงานล่าให้คุณทำเพิ่มแหละ...<BR/>แต่รีบหน่อยก็ดีนะ ฉันมีธุระต้องไปทำต่อ..."
"TID_W00_OA01_6_REPLY","Alright alright!","حسنًا، حسنًا!","Ok, ok !","好吧好吧！","好啦好啦！","Schon gut, schon gut!","va bene, va bene!","それならすぐに向かうよ！","알겠어요!","Spokojnie!","Tá bom! Já vou!","Ладно-ладно!","Voy!","Okei okei!","Oké oké!","Sorun değil!","Oke oke!","ก็ได้ ก็ได้!"
"TID_W00_OA01_7","chaos never sleeps... so we really have to be on top of it. <BR/>will it ever end?","الفوضى لا تهدأ أبدًا... لذا يجب علينا السيطرة عليها.<BR/>هل سينتهي ذلك أبدًا؟","le chaos ne prend pas de congés... et nous non plus.<BR/>je me demande si ça finira, un jour.","混沌永不眠...那我们也得继续。<BR/>什么时候是个头啊？","混沌不睡覺...那我們也得繼續。<BR/>什麼時候才能結束啊？","Das Chaos schläft ja bekanntlich nie. Wir müssen also wirklich auf der Hut sein.<BR/>Wird es jemals enden?","il caos non dorme mai... quindi dobbiamo proprio impegnarci per tenerlo a bada.<BR/>finirà mai questa storia?","こうしている間にもカオスは広がっているわ<BR/>だから急がないと...<BR/>私たちの戦いが終わる日は来るのかしら？","카오스는 결코 잠드는 법이 없죠... 그러니 늘 긴장을 늦추지 말아야 해요.<BR/>그나저나 침략이 끝나기는 할까요?","chaos nigdy nie śpi... musimy mieć się na baczności.<BR/>czy to się kiedyś skończy?","o caos tá sempre alerta, então tb não podemos dormir no ponto.<BR/>será que isso nunca vai acabar?","хаос не дремлет... так что нам нельзя расслабляться.<BR/>когда уже это закончится...","el caos nunca duerme, así que debemos estar siempre alerta.<BR/>terminará esto algún día?","kaaos ei koskaan nuku... eli meidän pitää pysyä sen edellä.<BR/>loppuuko se koskaan?","de chaos houdt nooit op... dus we moeten er constant tegen vechten. <BR/>komt er ooit een einde aan?","kaos uyumaz... her zaman kontrol altında tutmalıyız.<BR/>hiç sonu gelecek mi acaba?","Huru-hara tak pernah usai ... jadi kita tidak boleh lengah.<BR/>apakah kedamaian akan benar-benar bisa kembali?","เคออสไม่เคยหลับใหล... เราจึงต้องคอยจัดการมันอยู่เสมอ<BR/>มันจะมีวันหยุดบ้างไหมนะ?"
"TID_W00_OA01_7_REPLY","Are you sure you're ok?","هل أنت متأكدة أنك بخير؟","Euh, ça va ?","你还好吗？","你還好嗎？","Bist du sicher, dass es dir gut geht?","sei sicura di stare bene?","ルナ、大丈夫？","정말 괜찮은 거 맞죠?","Na pewno wszystko w porządku?","Tem certeza de que está tudo bem?","У тебя точно всё хорошо?","te encuentras bien?","Onko kaikki ok?","Is alles wel oké?","Sen iyi misin?","Kamu gak apa-apa?","แน่ใจนะว่าคุณไม่เป็นไร?"
"TID_W00_OA01_8","don't worry about it...<BR/>just a lot going on. when life gives you lemons, I guess...","لا داعي للقلق...<BR/>الأمر وما فيه، لديّ كثير من المشاغل. كما يقول المثل، عندما ترميك الحياة بالليمون...","tqt...<BR/>je suis juste un peu débordée, mais ça ira !","我还好...<BR/>只是最近事太多了。那首诗怎么说来着，假如生活欺骗了你...","我還好...<BR/>只是最近事太多了。那句話怎麼說來著，如果生命給你一顆檸檬...","Keine Sorge!<BR/>Es ist einfach viel los. Wenn das Leben dir Zitronen gibt ... du weißt schon ...","non preoccuparti...<BR/>ho solo un sacco di pensieri per la testa. del resto, sai come si dice: quando si è in ballo...","心配しないで...<BR/>ちょっと色々あってね<BR/>でも、人生七転び八起きって言うじゃない？","걱정하지 마세요...<BR/>그냥 이런저런 일이 좀 있어서 그래요. 삶이 저에게 레몬을 주면, 아마도...","to nic takiego...<BR/>po prostu dużo się dzieje. ale kiedy życie daje ci cytryny...","deixa pra lá...<BR/>tô com muita coisa na cabeça, acho que a vida me deu limões demais...","да не волнуйся...<BR/>просто накопилось всякое. ничего, как-нибудь выгребу...","no te preocupes...<BR/>tengo mucho en que pensar. si la vida te da limones, ya sabes...","älä huoli...<BR/>on vaan kiireitä. kun elämä antaa sitruunoita...","maak je geen zorgen...<BR/>er is gewoon veel aan de hand. tja, als het leven je citroenen geeft...","iyiyim, endişelenme...<BR/>sadece çok fazla olup biten şey var. sanki biri her işime limon sıkıyor...","Gak apa-apa ...<BR/>cuma lagi banyak pikiran. ada banyak yang harus dipikirkan ...","อย่าห่วงไปเลย...<BR/>แค่ช่วงนี้มีอะไรให้คิดเยอะน่ะ ก็ปัญหาชีวิตน่ะนะ..."
"TID_W00_OA01_8_REPLY","Maybe you need a nice cold lemonade?","ربما تحتاجي إلى عصير ليمون بارد منعش؟","tu pourrais aller prendre l'air ?","相信吧，快乐的日子将会来临？","或許你需要一杯超級好喝的冰檸檬水？","Apropos: Hättest du Lust auf eine eiskalte Limonade?","bisogna ballare e magari anche andare a tempo?","たまには休むことも大切だよ","시원한 레모네이드를 만들면 되죠!","Może szklanka zimnej lemoniady dobrze by ci zrobiła.","É hora de fazer uma bela limonada!","Дать весло?","¿Prepara una rica limonada?","Tekisikö lasi sitruunalimua hyvää?","Wil je misschien wat limonade?","Biz de limonata yaparız o zaman?","Mungkin minuman dingin bisa membantu?","ชาไข่มุกเย็นๆ สักแก้วช่วยได้มั้ย?"
"TID_W00_OA01_9","yeah!<BR/>if it only was that simple...<BR/>a bit more hunting and I think the invasion should be handled!<BR/>u r doing great btw!","نعم!<BR/>لو كان الأمر بهذه البساطة...<BR/>المزيد من الصيد ويفترض أن نسيطر على الغزو.<BR/>بالمناسبة، أحسنت عملاً!","si seulement c'était aussi simple, mdr !<BR/>bon, un peu plus de chasse et on devrait venir à bout de cette invasion !<BR/>tu gères, au fait !","没错！<BR/>要真的这么简单就好了...<BR/>再多狩猎一些怪物，入侵应该就能控制住了！<BR/>对了，你的工作很出色！","沒錯！<BR/>要真的這麼簡單就好了...<BR/>再多狩獵一些怪物，入侵應該就能控制住了！<BR/>對了，你的工作做得很棒！","Tja ...<BR/>Wenn es nur so einfach wäre!<BR/>Ein bisschen mehr jagen und ich denke, die Invasion sollte erledigt sein!<BR/>Du machst das übrigens ganz großartig!","esatto!<BR/>se solo fosse così semplice...<BR/>bando alle ciance, c'è da far fuori qualche altro mostro e poi penso che avremo l'invasione sotto controllo!<BR/>comunque, stai andando alla grande!","それはその通りね！<BR/>でも、そんなに単純な問題じゃないんだ...<BR/>さ、ハントを続けましょう！<BR/>あと少しで侵略を止められるはずよ！<BR/>今回も期待してるわ！","그러게요!<BR/>그렇게 간단했다면 말이죠...<BR/>사냥을 조금만 더 하면 침략을 막을 수 있을 것 같아요!<BR/>그나저나 헌터님, 정말 잘 하고 계세요!","pewnie!<BR/>gdyby tylko było tak łatwo...<BR/>jeszcze tylko trochę polowania i ta inwazja powinna być pod kontrolą.<BR/>świetnie sobie radzisz!","sim!<BR/>mas seria bom ter um espremedor...<BR/>falta pouco pra deter a invasão!<BR/>falando nisso, vc tá mandando muito bem!","ахаха<BR/>если бы всё было так просто...<BR/>зато ещё пара охот и вторжение будет сдержано!<BR/>у тебя круто получается кстати!","exacto!<BR/>aunque ojalá fuera tan fácil...<BR/>creo que, si seguimos a este ritmo, no tardaremos en controlar la invasión<BR/>lo estás haciendo genial, por cierto!","joo!<BR/>olisikin niin helppoa...<BR/>vielä vähän metsästystä ja hyökkäys on hoideltu!<BR/>sä pärjäät btw super hyvin!","ja!<BR/>was het maar zo simpel...<BR/>nog een beetje jagen om een einde aan die invasie te maken!<BR/>je doet het geweldig btw!","haha!<BR/>keşke o kadar kolay olsa...<BR/>biraz daha avlanırsak istilayı durdururuz gibi görünüyor!<BR/>bu arada çok iyi gidiyorsun!","mungkin!<BR/>andai saja minuman dingin bisa mengakhiri semua ini ...<BR/>kita cuma bisa terus berburu sambil mencari cara untuk mengakhiri invasi ini.<BR/>kerjamu sudah sangat membantu!","ได้ก็ดี!<BR/>ถ้ามันแก้ได้ง่ายขนาดนั้นอ่ะนะ...<BR/>ออกล่าอีกสักหน่อยก็น่าจะควบคุมการรุกรานได้แล้ว ฉันว่านะ!<BR/>ว่าไปแล้วคุณก็เก่งนะ!"
"TID_W00_OA01_9_REPLY","Thanks Luna!","شكرًا يا لونا!","Merci, Luna !","谢了露娜！","謝了露娜！","Danke, Luna!","Grazie, Luna!","ありがとう、ルナ！","고마워요, 루나!","Dzięki, Luna!","Valeu, Luna!","Спасибо, Луна!","Gracias, Luna!","Kiitos Luna!","Dank je, Luna!","Sağ ol Luna!!","Terima kasih, Luna!!! <3","ขอบคุณนะ ลูน่า!"
"TID_W00_OA01_10","that should do it for now. now it's my turn... <BR/>cya later!","هذا يفي بالغرض حاليًا. الآن حان دوري... <BR/>أراك لاحقًا!","ça devrait suffire pour l'instant. à mon tour...<BR/>ciao !","目前这样就差不多了，接下来就交给我吧...<BR/>回头见！","目前這樣就差不多了，接下來就交給我吧...<BR/>等等見！","Das sollte für den Augenblick reichen. Jetzt muss ich aber los! Bis später!","per adesso va bene così. adesso tocca a me...<BR/>ci vediamo!","これでひと段落ね！<BR/>後は私の仕事だけだわ...<BR/>じゃあまた後で！","지금은 이 정도면 될 것 같아요. 이제 제 차례네요...<BR/>그럼 나중에 봐요!","chyba na razie to wszystko. teraz moja kolej...<BR/>na razie!","por enquanto, é isso. agora é minha vez...<BR/>até mais!","пока что хватит. а теперь моя очередь...<BR/>до встречи!","ya está bien por hoy. ahora me toca a mí...<BR/>nos vemos!","pitäisi riittää toistaiseksi. mun vuoro...<BR/>näkyillään!","dat zou voor nu genoeg moeten zijn. nu is het mijn beurt... <BR/>zie je later!","şimdilik bu kadar yeter. biraz da ben çalışayım...<BR/>görüşürüz!","itu saja. sekarang giliranku beraksi ...<BR/>dadah!","น่าจะได้ละ ถึงตาฉันบ้างคราวนี้... <BR/>แล้วเจอกันจ้า!"
"TID_W00_OA01_10_REPLY","Bye! Please take care!","إلى اللقاء! أرجوك، اعتني بنفسك!","Ciao ! Fais attention à toi !","好，要多保重啊！","好，要多保重啊！","Ciao! Bitte pass auf dich auf!","Ciao e sta' attenta!","了解！気を付けてね！","잘가요! 그리고 조심해요!","Pa! Bądź ostrożna!","Xau! Se cuida, hein!","Пока! Береги себя!","Adiós, ¡ve con cuidado!","Heippa! Pidä huolta itsestäsi!","Doei! Pas goed op jezelf!","Görüşürüz! Kendine iyi bak!","Dadah! Titi dj, ya!","บาย! ดูแลตัวเองด้วยนะ!"
"TID_GEAR_CHEST_POPUP_NO_REWARD","ALL GEAR IS ALREADY MAXED OUT! NO REWARDS :(","العتاد كله في الحد الأقصى! لا مكافآت :(","TON MATOS EST DÉJA AU MAX ! PAS DE RÉCOMPENSES:(","所有装备均已满级，所以没有奖励了QAQ","所有裝備均已滿級，所以沒有獎勵了QAQ","DIE GESAMTE AUSRÜSTUNG IST BEREITS MAXIMAL VERBESSERT – KEINE BELOHNUNG! :(","TUTTO L'EQUIPAGGIAMENTO È GIÀ AL MASSIMO! NIENTE RICOMPENSE :(","すべてのギアが最大まで強化されているため報酬はありません(>_<)","모든 기어가 이미 최대 레벨입니다! 보상은 없어요... :(","CAŁY SPRZĘT NA MAKSYMALNYM POZIOMIE! NIE MAMY WIĘCEJ NAGRÓD :(","EQUIPAMENTOS NO NÍVEL MÁXIMO! NÃO HÁ RECOMPENSAS... :(","ВСЁ СНАРЯЖЕНИЕ УЖЕ ДОСТИГЛО МАКСИМАЛЬНОГО УРОВНЯ! НАГРАД НЕТ :(","¡TODO EL EQUIPO ESTÁ AL NIVEL MÁXIMO! NO HAY RECOMPENSAS. :(","KAIKKI VARUSTEET OVAT JO KORKEIMMALLA TASOLLA! EI PALKINTOJA :(","ALLE UITRUSTING IS AL OP HET MAXIMUM! GEEN BELONINGEN :(","TÜM EŞYALAR ZATEN MAKSİMUMDA! ÖDÜL ALAMADIN :(","SEMUA PERLENGKAPAN SUDAH MAKSIMUM! TIDAK ADA HADIAH :(","เกียร์ทั้งหมดถึงเลเวลสูงสุดแล้ว! ไม่มีรางวัลให้ :("
"TID_RESOURCE_TOOLTIP_6","Used in the current Chapter's Elite Shop. Earn by completing Elite Projects.\n\nElite Tokens are reset when a new Chapter starts, so spend them while you can!","تُستخدم في المتجر الفائق للفصل الحالي. اربحها بإكمال المشروعات الفائقة.\n\nيُعاد ضبط العملات الفائقة عند بدء فصل جديد؛ لذا فأنفقها بينما الأمر ممكن.","À dépenser dans le shop d'élite du chapitre en cours. Gagnes-en via les projets d'élite.\n\nLes jetons d'élite sont réinitialisés au début de chaque chapitre, alors dépense-les sans compter !","可在当前章节的精英商店使用，获取方式为完成精英项目。\n\n新章节开始时，精英代币就会重置，记得及时使用！","可在目前章節的精英商店使用，獲取方式為完成精英計畫。\n\n新章節開始時，精英代幣就會重置，記得即時使用唷！","Wird im Eliteshop des aktuellen Kapitels verwendet. Kann durch den Abschluss von Eliteprojekten verdient werden.\n\nElitemarken werden bei Beginn eines neuen Kapitels zurückgesetzt, also gib sie aus, solange du kannst!","Si ottengono completando i progetti pro e si spendono nel negozio dei pro del capitolo in corso.\n\nI gettoni pro saranno azzerati all'inizio di un nuovo capitolo, quindi usali finché sei in tempo!","現行チャプターのエリートショップで使用します。エリートプロジェクトを完了すると手に入ります。\n\n新しいチャプターが始まるとエリートトークンはリセットされるため、その前に使い切りましょう！","현재 챕터의 엘리트 상점에서 사용됩니다. 엘리트 프로젝트를 완료해 얻을 수 있습니다.\n\n엘리트 토큰은 새로운 챕터가 시작되면 초기화되니, 소비 가능할 때 최대한 사용하세요!","Do wykorzystania w elitarnym sklepie aktualnego rozdziału. Do zdobycia w ramach elitarnych projektów.\n\nElitarne żetony zostaną zresetowane wraz z początkiem nowego rozdziału, więc wykorzystaj je, póki możesz!","Receba-as ao concluir projetos de elite e use-as na loja de elite do capítulo atual.\n\nAs fichas de elite são removidas quando um novo capítulo começa, então use-as enquanto pode!","Используются для покупки предметов в элитном магазине текущей главы. Зарабатывай, выполняя элитные проекты.\n\nЭлитные жетоны исчезнут с началом новой главы, так что не забудь потратить их!","Se utilizan en la tienda de élite del capítulo actual. Consíguelas al completar proyectos de élite.\n\nLas fichas de élite se reinician al comienzo de un nuevo capítulo, ¡así que gástalas mientras puedas!","Käytetään nykyisen luvun eliittikaupassa. Ansaitse lisää suorittamalla eliittiprojekteja.\n\nEliittipoletit nollataan uuden luvun alkaessa, joten älä turhaan kitsastele!","Te gebruiken in de elitewinkel van het huidige hoofdstuk. Je verdient ze via eliteprojecten.\n\nElitetokens worden gereset aan het begin van het volgende hoofdstuk, dus geef ze uit zolang het nog kan!","Devam eden bölümün elit dükkanında kullanılır. Elit projeleri tamamladıkça kazanırsın.\n\nElit jetonlar yeni bölüm başladığında sıfırlanır, fırsatın varken kullan!","Digunakan di Toko Elite untuk Babak ini. Raih dengan menyelesaikan Proyek Elite.\n\nToken Elite akan direset saat Babak baru dimulai, jadi belanjakan selagi bisa!","ใช้ในร้านค้าอีลีทของตอนปัจจุบัน รับด้วยการทำโปรเจ็กต์อีลีทให้เสร็จ\n\nโทเค็นอีลีทจะรีเซ็ตเมื่อตอนใหม่เริ่มต้น ใช้โทเค็นในตอนที่คุณยังใช้ได้!"
"TID_BEETLE_MELEE","Big Bug","حشرة كبيرة","Grosse bestiole","大虫子","大蟲子","Riesenkäfer","Insetto grosso","ビッグバグ","빅 버그","Wielki Robak","Bichão","Большой жук","Bicharraco","Jättikuoriainen","Brombeestje","Büyük Böcek","Hexapoda Besar","แมลงกระจ๊อกยักษ์"
"TID_BEETLE_MELEE_M","Big Bugs","حشرات كبيرة","Grosses bestioles","大虫子","大蟲子","Riesenkäfer","Insetti grossi","ビッグバグ","빅 버그","Wielkie Robaki","Bichões","Большие жуки","Bicharracos","Jättikuoriaiset","Brombeestjes","Büyük Böcek","Hexapoda Besar","แมลงกระจ๊อกยักษ์"
"TID_BEETLE_RANGED","Big Bug","حشرة كبيرة","Grosse bestiole","大虫子","大蟲子","Riesenkäfer","Insetto grosso","ビッグバグ","빅 버그","Wielki Robak","Bichão","Большой жук","Bicharraco","Jättikuoriainen","Brombeestje","Büyük Böcek","Hexapoda Besar","แมลงกระจ๊อกยักษ์"
"TID_BEETLE_RANGED_M","Big Bugs","حشرات كبيرة","Grosses bestioles","大虫子","大蟲子","Riesenkäfer","Insetti grossi","ビッグバグ","빅 버그","Wielkie Robaki","Bichões","Большие жуки","Bicharracos","Jättikuoriaiset","Brombeestjes","Büyük Böcek","Hexapoda Besar","แมลงกระจ๊อกยักษ์"
"TID_PARAGON_INFO_POPOVER_INFO_5","Elite Tokens come from Elite Projects. Use them in the Elite Shop before the Chapter ends!","تأتي العملات الفائقة من المشروعات الفائقة. استخدمها في المتجر الفائق قبل انتهاء الفصل.","Les jetons d'élite proviennent des projets d'élite. Utilise-les dans le shop d'élite avant la fin du chapitre !","精英代币可通过完成精英项目获得。在当前章节结束前，用它在精英商店中购买各种物品！","完成精英計畫可獲得精英代幣。在目前章節結束前，用它在精英商店中購買各種物品！","Elitemarken stammen aus Eliteprojekten. Verwende sie im Eliteshop, bevor das Kapitel endet!","I gettoni pro si ottengono dai progetti pro. Spendili nel negozio dei pro prima che finisca il capitolo!","エリートトークンはエリートプロジェクトから手に入ります。チャプター終了までにエリートショップで使用しましょう！","엘리트 프로젝트를 통해 얻은 엘리트 토큰입니다. 챕터가 종료되기 전에 엘리트 상점에서 사용하세요!","Elitarne żetony wręczane są w ramach elitarnych projektów. Wykorzystaj je w elitarnym sklepie przed końcem tego rozdziału.","As fichas de elite são concedidas nos projetos de elite. Use-as na loja de elite antes do fim do capítulo.","Элитные жетоны можно получить за выполнение элитных проектов. Используй их для покупки предметов в элитном магазине до конца этой главы!","Obtendrás fichas de élite de los proyectos de élite. Úsalas en la tienda de élite antes de que termine el capítulo.","Ansaitse eliittipoletteja suorittamalla eliittiprojekteja. Käytä niitä eliittikaupassa ennen kuin luku päättyy!","Elitetokens verdien je met eliteprojecten. Gebruik ze in de elitewinkel voordat het hoofdstuk eindigt!","Elit jetonlar elit projelerden kazanılır. Elit jetonlarını bölüm bitmeden önce elit dükkanda kullanabilirsin!","Toko Elite diraih dari Proyek Elite. Gunakan Token Elite di Toko Elite sebelum Babak berakhir!","โทเค็นอีลีทมาจากโปรเจ็กต์อีลีท ใช้โทเค็นในร้านค้าอีลีทก่อนที่จะจบตอน!"
"TID_POPOVER_PROFILE_GEARCHEST_DESC","On the next Level Up you'll earn a Chaos Kit, which contains a Gear upgrade! ","في عملية رفع المستوى التالية ستكسب مجموعة فوضى تحتوي على ترقية عتاد.","Au prochain niveau, tu obtiendras un kit de chaos contenant une amélioration de matos !","下次升级时，你会获得一个混沌补给箱，可以帮你升级一件装备！","下次升級時，你會獲得一個混沌補給箱，可以幫你升級一件裝備！","Beim nächsten Levelaufstieg erhältst du ein Chaoskit, das eine Ausrüstungsverbesserung enthält!","La prossima volta che sali di livello, riceverai un kit del Caos, che conterrà un miglioramento per l'equipaggiamento!","次のレベルに到達すると、カオスアップグレード入りのカオスキットを獲得できます！","다음 레벨 업에서 기어 업그레이드가 포함된 카오스 키트를 얻습니다.","Na następnym poziomie otrzymasz zestaw chaosu zawierający ulepszenie sprzętu.","No próximo nível, você receberá um kit caótico contendo uma melhoria de equipamento.","Со следующим повышением уровня ты получишь набор хаоса с улучшением для снаряжения!","La próxima vez que subas de nivel, recibirás un kit del caos con una mejora de equipo.","Kun saavutat seuraavan tason, ansaitset kaaossetin, josta löytyy varusteen päivitys!","Bij het volgende level omhoog verdien je een chaoskit, die een uitrustingsupgrade bevat!","Sonraki seviyede eşya yükseltmesi içeren bir kaos seti kazanacaksın! ","Saat naik level berikutnya, kamu akan meraih Paket Huru-hara yang berisi peningkatan Perlengkapan!","เมื่อเลเวลอัพครั้งถัดไป คุณจะได้รับเซ็ตเคออสที่มีอัปเกรดเกียร์!"
"TID_PARAGON_SEASON_ENDED_TEXT","Your Elite Hunter levels and Smart Rings have been removed, but anything you got from the Elite Shop is yours to keep.\n\nThe Elite Shop will remain open for a while longer, so you can spend any leftover Elite Tokens. Don’t forget to claim any unclaimed Elite Projects too!","تمت إزالة مستويات الصياد الفائق والخواتم الذكية الخاصة بك، لكن ستحتفظ بأي شيء حصلت عليه من المتجر الفائق.\n\nسيظل المتجر الفائق مفتوحًا لفترة حتى تتمكن من إنفاق أي عملات فائقة متبقية لديك. لا تنس أيضًا المطالبة بأي مشروعات فائقة غير مُطالب بها.","Tes niveaux de chasseur d'élite et tes anneaux connectés ont été réinitialisés, mais tu gardes tout ce que tu as acheté dans le shop d'élite.\n\nLe shop d'élite restera ouvert encore un temps, alors dépense tes jetons d'élite restants. N'oublie pas également de terminer tout projet d'élite restant !","你的精英猎手等级和智能指环现已被清空。不过，通过精英猎手商店获得的内容均可完整保留！\n\n精英商店会继续开放一段时间，你还可以使用剩余的精英代币购物。别忘了把未领取的精英项目奖励也领走！","你的精英獵手等級和智慧戒指現已被清空。不過，透過精英獵手商店獲得的內容均可完整保留！\n\n精英商店會繼續開放一段時間，你還可以使用剩餘的精英代幣購物。別忘了把未領取的精英計畫獎勵也領走！","Deine Elitejägerlevel und Smartringe wurden entfernt. Alles, was du im Eliteshop erworben hast, darfst du behalten.\n\nDer Eliteshop bleibt noch eine Weile geöffnet, damit du alle übrig gebliebenen Elitemarken ausgeben kannst. Vergiss nicht, auch alle nicht beanspruchten Eliteprojekte einzufordern!","I livelli cacciamostri pro e gli anelli smart sono stati rimossi, ma qualsiasi articolo acquistato dal negozio dei pro rimane tuo.\n\nQuesto negozio rimarrà aperto ancora per un po', in modo da permetterti di spendere i gettoni pro che ti sono rimasti. Ah, non dimenticarti di confermare il completamento dei progetti pro che hai terminato!","エリートハンターレベルとスマートリングは削除されますが、エリートショップでの購入品は手元に残ります。\n\nエリートショップは一定期間引き続き利用でき、未使用のエリートトークンを使用することが可能です。残りのエリートプロジェクトの回収もお忘れなく！","엘리트 헌터 레벨과 스마트 링이 제거되었지만, 엘리트 상점에서 구매한 상품은 모두 그대로 유지됩니다.\n\n엘리트 상점은 잠시 동안 열려 있어 남은 엘리트 토큰을 사용할 수 있습니다. 수령하지 않은 엘리트 프로젝트 완료 보상을 받는 것도 잊지 마세요!","Twoje poziomy Elitarnego Łowcy i pierścienie zdolności zostały usunięte, ale zachowujesz wszystko, co udało Ci się zakupić w elitarnym sklepie.\n\nElitarny sklep jest wciąż otwarty, by można wykorzystać pozostałe elitarne żetony. Nie zapomnij również odebrać nagród za wykonane elitarne projekty!","Seus níveis de elite e anéis amplificadores foram removidos, mas tudo que você adquiriu na loja de elite é seu para sempre.\n\nA loja de elite continuará aberta por um curto período para você usar as fichas restantes. Não se esqueça de concluir todos os projetos de elite também!","Твой уровень элитного охотника и умные кольца были удалены, но всё, что было куплено в элитном магазине, остаётся у тебя.\n\nЭлитный магазин будет открыт ещё некоторое время, так что ты сможешь потратить свои элитные жетоны. Если у тебя остались неполученные награды за выполнение элитных проектов, не забудь собрать их!","Se te han retirado los niveles de cazamonstruos de élite y los anillos inteligentes, pero conservarás lo que compraste en la tienda de élite.\n\nLa tienda de élite estará abierta durante un tiempo para que puedas gastar las fichas de élite que te quedan. ¡Y no te olvides de reclamar todos los proyectos de élite!","Eliittimetsästäjätasosi ja älysormuksesi ovat poistuneet, mutta eliittikaupasta saadut tavarat pysyvät sinulla.\n\nEliittikauppa on auki vielä hetken, joten ehdit käyttää säästelemäsi eliittipoletit. Muista myös lunastaa kaikkien suorittamiesi eliittiprojektien palkinnot!","Je elitejagerlevels en e-Ringen zijn verwijderd, maar alles wat je in de elitewinkel hebt gekocht, mag je houden.\n\nDe elitewinkel blijft nog even open, zodat je overgebleven elitetokens kunt uitgeven. Vergeet ook niet om nog niet opgeëiste eliteprojecten te claimen!","Elit avcı seviyelerin ve akıllı yüzüklerin geri alındı ama elit dükkanından satın aldığın her şey sende kalacak.\n\nElit dükkanı bir süre daha açık kalacak, fırsat varken kalan elit jetonlarını harcayabilirsin. Bekleyen elit projeleri de almayı unutma!","Level Pemburu Elite dan Cincin Cerdas telah disingkirkan, tetapi semua yang kamu dapat dari Toko Elite akan tetap jadi milikmu.\n\nToko Elite masih akan buka untuk sementara waktu, jadi masih ada kesempatan untuk menggunakan sisa Token Elite. Jangan lupa juga untuk mengklaim Proyek Elite!","เลเวลอีลีทฮันเตอร์และแหวนอัจฉริยะของคุณได้ถูกนำออกไปแล้ว แต่คุณยังสามารถเก็บทุกอย่างที่คุณได้มาจากร้านค้าอีลีทได้\n\nร้านค้าอีลีทจะยังเปิดต่ออีกสักพักเพื่อให้คุณได้ใช้โทเค็นอีลีทที่เหลือ อย่าลืมรับโปรเจ็กต์อีลีทที่ยังไม่ได้รับด้วยล่ะ!"
"TID_PROTECT_HARVESTER_EVENT_INGAME","Protect the Harvester Handyman","احم صنائعي الحواصد","Protéger le récolteur à tout faire","保护采集器技师","保護採集器技師","Beschütze den Erntehelfer!","Proteggi il tuttofare raccoglitore","ハーベスターハンディマンを守ろう","수집기 수리공 보호하기","Chroń mechanika kombajnu","Proteja o técnico da colheitadeira","Защити слесаря по сборщикам","Protege al mecánico de cosechadoras","Suojele kerääjä-apumiestä.","Bescherm de oogster-klusser.","Hasatçı Tamirciyi koru","Lindungi Teknisi Pemanen","คุ้มครองช่างซ่อมเครื่องเก็บเกี่ยว"
"TID_SKIN_SET_TRIBALDRIP","WARRIORS OF LIGHT","محاربو النور","GUERRIERS DE LUMIÈRE","光明勇士","光明勇士","LICHTKRIEGER","GUERRIERI DELLA LUCE","光の戦士","빛의 전사","WOJOWNICY ŚWIATŁA","GUERREIROS DA LUZ","ВОИНЫ СВЕТА","GUERREROS DE LA LUZ","VALON SOTURIT","KRIJGERS VAN HET LICHT","IŞIĞIN SAVAŞÇILARI","PRAJURIT CAHAYA","นักรบแห่งแสง"
"TID_tribaldrip_body_basic_male_01_c","Plainswalker - Kermes Crimson","عابر السهول - نموذج قرمزي كرمس","Nomade des plaines - Carmin","平原漫步 - 洋红风暴","平原漫步 - 洋紅風暴","Legendär leger – Kermesrot","Viandante delle pianure (chermes)","ランドウォーカー - ケルメスクリムゾン","필드 워커 - 컬미스 크림슨","Wędrowiec – Kermesowy karmazyn","Altiplano (carmim carmesim)","Степной странник — кошенильный красный","Caminante de llanuras (tinte escarlata)","Tasankokulkija – Kermesinpunainen","Steppeloper - kermesrood","Çayır Gezgini - Kermes Kırmızısı","Suku Padang Terbuka - Kermes Merah","เผ่าราบสูง - แดงแมลงเคอร์เมส"
"TID_COMPLETE_DUNGEON_TASK_DESC_CH02_DG_01","Defeat VINE MOTHER","اهزم أم اللبلاب.","Éliminer MÈRE DES RONCES","击倒藤蔓之母","擊殺藤蔓之母","Bewältige RANKENMUTTER!","Sconfiggi la REGINA DEI RAMPICANTI","芋づるマザーを倒す","덩굴 마더 물리치기","Pokonaj MATKĘ WINOROŚLI","Derrote MÃE DAS VINHAS","Победи РАСТЕНИЕ-МАТРИАРХ","Derrota a la enredadera madre","Päihitä KÖYNNÖSEMO","Versla de MOEDERPLANT.","SARMAŞIK ANNE yok et","Kalahkan INDUK MERAMBAT","เอาชนะเถาวัลย์ตัวแม่"
"TID_COMPLETE_DUNGEON_TASK_DESC_CH02_DG_02","Defeat AXIS","اهزم آكسيس.","Éliminer AXIS","击倒中轴","擊殺中軸","Bewältige AXIS!","Sconfiggi AXIS","アクシスを倒す","액시스 물리치기","Pokonaj AKSISA","Derrote ÁXIS","Победи АКСИСА","Derrota al axis","Päihitä AKSELI","Versla AXIS.","AKSİS yok et","Kalahkan AXIS","เอาชนะแอคซิส"
"TID_COMPLETE_DUNGEON_TASK_DESC_CH02_DG_03","Defeat TIDEMASTER","اهزم أمير البحار.","Éliminer MAÎTRE DES VAGUES","击倒唤潮者","擊殺喚潮者","Bewältige GEZEITENMEISTER!","Sconfiggi il SIGNORE DELLE MAREE","タイドマスターを倒す","조류 마스터 물리치기","Pokonaj WŁADCĘ FAL","Derrote BICHANO DO MAR","Победи ВЛАДЫКУ ВОЛН","Derrota al señor de las mareas","Päihitä VUOROVESIMESTARI","Versla de TIJMEESTER.","MEDCEZİR UZMANI yok et","Kalahkan MEONG OMBAK","เอาชนะเหมียวเจ้าสมุทร"
"TID_COMPLETE_DUNGEON_TASK_DESC_CH02_DG_04","Close the MEGA INVASION PORTAL","أغلق بوابة الغزو العملاقة.","Fermer le MÉGA PORTAIL D'INVASION","关闭超大入侵传送门","關閉超大入侵傳送門","Bewältige MEGA-INVASIONSPORTAL!","Chiudi il MEGAPORTALE D'INVASIONE","メガ侵略ポータルを閉じる","메가 침략 포털 닫기","Zamknij MEGA PORTAL INWAZJI","Feche MEGAPORTAL DE INVASÃO","Закрой МЕГАПОРТАЛ ВТОРЖЕНИЯ","Cierra el megaportal de invasión","Sulje MEGAHYÖKKÄYSPORTAALI","Sluit het MEGA-INVASIEPORTAAL.","MEGA İSTİLA PORTALINI kapat","Tutup PORTAL INVASI MEGA","ปิดประตูมิติรุกรานเมก้า"
"TID_COMPLETE_DUNGEON_TASK_DESC_CH02_DG_05","Complete WAVE MACHINE","أكمل ماكينة الأمواج.","Terminer MACHINE À VAGUES","通关攻势如潮","通關攻勢如潮","Schließe WELLENMASCHINE ab!","Supera \qONDATE A NASTRO\q","ウェーブマシンをクリアする","웨이브 머신 완료하기","Ukończ GENERATOR FAL","Conclua MÁQUINA DE MAREMOTO","Пройди «ГЕНЕРАТОР ВОЛН»","Completa Máquina de olas","Suorita AALTOKONE","Voltooi GOLVENMACHINE.","DALGA MAKİNESİNİ tamamla","Selesaikan MESIN GELOMBANG","เล่นเครื่องปล่อยระลอกรุกรานให้เสร็จ"
"TID_COMPLETE_DUNGEON_TASK_DESC_CH02_DG_06","Defeat MEGA TOXIC SPITTER","اهزم البصّاق السام العملاق.","Éliminer MÉGA CRACHEUR TOXIQUE","击倒超大剧毒喷射怪","擊殺超大劇毒噴射怪","Bewältige MEGA-GIFTSPUCKER!","Sconfiggi il MEGASPUTACCHIATORE TOSSICO","メガ毒スピッターを倒す","메가 독성 스피터 물리치기","Pokonaj MEGA TRUJĄCEGO PRYCHACZA","Derrote MEGACUSPIDOR TÓXICO","Победи ЯДОВИТОГО МЕГАПЛЕВУНА","Derrota al megaescupidor tóxico","Päihitä MEGAMYRKKYSYLKIJÄ","Versla de GIFTIGE MEGA-SPUWER.","MEGA ZEHİRLİ ATICI yok et","Kalahkan SPITTA BERACUN MEGA","เอาชนะจอมพ่นพิษเมก้า"
"TID_DISCONNECTED_BATTLE_END_INFO_TITLE","Home Sweet Home","ما أحلى المنزل!","Secours express","回家休整","回家休整","Trautes Heim","Casa dolce casa","おかえりなさい！","집으로 돌아갈 시간이에요!","Nie ma jak w domu","Lar, doce lar","Ты дома!","Hogar dulce hogar","Oma koti kullan kallis","Oost west, thuis best","Evim Güzel Evim","Rumahku Istanaku","บ้านแสนอบอุ่น"
"TID_DISCONNECTED_BATTLE_END_INFO_REWARD_2","Monsters love to prey on idle hunters, so we pulled you back to safety. You're welcome!\n\nYou earned:\n\n<AMOUNT> XP\n","تحب الوحوش افتراس الصيادين الخاملين؛ لذا فسحبناك إلى بر الأمان. لا داعي للشكر!\n\nربحت:\n\n<AMOUNT> من الخبرة\n","Les monstres raffolent des chasseurs inactifs, alors on t'a remis en sécurité. De rien !\n\nTu as gagné : \n\n<AMOUNT> EXP\n","怪物最喜欢偷袭傻愣着的猎手，所以我们把你拖回了安全地区，不用谢！\n\n你获得了：\n\n<AMOUNT>经验值\n","怪物最喜歡偷襲發呆的獵手，所以我們把你拖回了安全地區，不客氣！\n\n你獲得了：\n\n<AMOUNT>經驗值\n","Monster machen gerne Jagd auf untätige Jäger, also haben wir dich in Sicherheit gebracht. Gern geschehen!\n\nDu verdienst:\n\n<AMOUNT> XP\n","I mostri adorano assalire i cacciamostri inattivi, quindi ti abbiamo portato in un luogo sicuro! Non serve ringraziarci.\n\nHai guadagnato:\n\n<AMOUNT> XP\n","仕事をサボったハンターは簡単にモンスターの餌食になります。でも自宅に戻ったのでもう安心です！\n\n獲得したもの：\n\n<AMOUNT>XP\n","한눈파는 헌터는 몬스터의 표적이 되기 십상이죠. 헌터님을 보호하기 위해 안전한 곳으로 옮겨드렸습니다. 감사 인사는 넣어두세요!\n\n획득한 경험치:\n\n<AMOUNT> XP\n","Potwory obierając sobie za cel bezbronnych graczy, więc zabraliśmy Cię w bezpieczne miejsce. Nie ma za co!\n\nZdobywasz:\n\n<AMOUNT> PD\n","Os monstros adoram atacar caçadores que estão de bobeira, então nós te levamos para um lugar seguro. De nada!\n\nVocê ganhou:\n\n<AMOUNT> de XP.\n","Монстры обожают нападать на бездействующих охотников, так что мы вернули тебя домой. Не благодари!\n\nПолучено:\n\n<AMOUNT> очк. опыта\n","A los monstruos les encanta atacar a los cazamonstruos inactivos, así que te hemos llevado a un lugar seguro, ¡de nada!\n\nObtuviste lo siguiente:\n\n<AMOUNT> de EXP.\n","Joutilaat metsästäjät ovat monstereiden herkkua, joten kuljetimme sinut turvallisempaan paikkaan. Ole hyvä!\n\nAnsaitsit:\n\n<AMOUNT> XP:tä\n","Monsters zijn dol op inactieve jagers, dus we hebben je teruggeleid naar een veilige plek. Geen dank!\n\nJe verdiende:\n\n<AMOUNT> XP\n","Canavarlar boş duran avcılara saldırmaya bayılır, güvenliğin için seni geri getirdik. Rica ederiz!\n\nKazandığın:\n\n<AMOUNT> DP\n","Monster suka menyerang Pemburu yang sedang diam, jadi kami harus mengevakuasimu. Gak perlu terima kasih!\n\nKamu meraih:\n\n<AMOUNT> XP\n","มอนสเตอร์ชอบล่าฮันเตอร์ที่ขี้เกียจ เราจึงดึงคุณกลับมาเพื่อความปลอดภัย ด้วยความยินดี!\n\nคุณได้รับ:\n\nค่าประสบการณ์ <AMOUNT> หน่วย\n"
"TID_COMPLETE_DUNGEON_TASK_DESC_CH02_DG_07","Defeat DEADEYE","تغلب على القناص المحترف.","Éliminer TORVŒIL","击倒狙击手","擊殺狙擊手","Bewältige SCHARFSCHÜTZE!","Sconfiggi l'OCCHIO DI LINCE","デッドアイを倒す","명사수 물리치기","Pokonaj STRZELCA WYBOROWEGO","Derrote GATUNO","Победи СТРЕЛКА","Derrota al parche","Päihitä KUOLONSILMÄ","Versla DOODSOOG.","KESKİN NİŞANCI yok et","Kalahkan MEONG JELI","เอาชนะเหมียวยิงแม่น"
"TID_COMPLETE_DUNGEON_TASK_DESC_CH02_DG_08","Defeat THE PRINCE","اهزم الأمير.","Éliminer LE PRINCE","击倒王子","擊殺王子","Bewältige DER PRINZ!","Sconfiggi il PRINCIPE","プリンスを倒す","프린스 물리치기","Pokonaj KSIĘCIA","Derrote PRÍNCIPE","Победи ПРИНЦА","Derrota al principito","Päihitä PRINSSI","Versla DE PRINSES.","PRENS yok et","Kalahkan PANGERAN","เอาชนะเจ้าชาย"
"TID_COMPLETE_DUNGEON_TASK_DESC_CH02_DG_09","Defeat SPIN SLAYER","اهزم سفاح الدوران.","Éliminer FAUCHEUR TOURNEUR","击倒旋风兽","擊殺旋風獸","Bewältige VERDREHTER VERNICHTER!","Sconfiggi il SICARIO ROTANTE","スピンスレイヤーを倒す","스핀 슬레이어 물리치기","Pokonaj WIRUJĄCEGO RZEŹNIKA","Derrote ALGOZ GIRATÓRIO","Победи ВИХРЕРЕЗА","Derrota al segador giratorio","Päihitä KIERREVIILTÄJÄ","Versla de SPINSMOOR.","DÖNER BİÇER yok et","Kalahkan SLAYA BERPUTAR","เอาชนะพลสังหารหมุนติ้ว"
"TID_COMPLETE_DUNGEON_TASK_DESC_CH02_DG_10","Defeat GRAND LIBRARIAN","اهزم أمين المكتبة الكبير.","Éliminer BIBLIOTHÉCAIRE SUPÉRIEUR","击倒大图书馆管理员","擊殺大圖書館管理員","Bewältige GROSSER BIBLIOTHEKAR!","Sconfiggi il GRAN BIBLIOTECARIO","魔導司書を倒す","그랜드 사서 물리치기","Pokonaj WIELKIEGO BIBLIOTEKARZA","Derrote GRANDE BIBLIOTECÁRIO","Победи ГЛАВНОГО БИБЛИОТЕКАРЯ","Derrota al gran bibliotecario","Päihitä SUURKIRJASTONHOITAJA","Versla de GROTE BIBLIOTHECARIS.","BÜYÜK KÜTÜPHANECİ yok et","Kalahkan PUSTAKAWAN AGUNG","เอาชนะบรรณารักษ์ห้องสมุดโอ่โถง"
"TID_COMPLETE_DUNGEON_TASK_DESC_CH02_DG_12","Defeat SNOWBALL","اهزم كرة الثلج العملاقة.","Éliminer BOULE DE NEIGE","击倒雪球","擊殺雪球","Bewältige SCHNEEBALL!","Sconfiggi la PALLA DI NEVE","スノーボールを倒す","스노볼 물리치기","Pokonaj KULĘ ŚNIEGU","Derrote BOLA DE NEVE","Победи ГИГАНТСКИЙ СНЕЖОК","Derrota a la bola de nieve","Päihitä JÄTTILUMIPALLO","Versla SNEEUWBAL.","KARTOPU tok et","Kalahkan MEONG SALJU","เอาชนะเหมียวบอลหิมะ"
"TID_COMPLETE_DUNGEON_TASK_DESC_WITH_TIME_CH02_DG_01","Defeat VINE MOTHER in <TIME> or less","اهزم أم اللبلاب خلال <TIME> أو أقل.","Éliminer MÈRE DES RONCES en moins de <TIME>","在<TIME>或更短时间内击倒藤蔓之母","在<TIME>以內擊殺藤蔓之母","Bewältige RANKENMUTTER in höchstens <TIME>!","Sconfiggi la REGINA DEI RAMPICANTI in <TIME> o meno","芋づるマザーを<TIME>以内に倒す","<TIME> 이내에 덩굴 마더 물리치기","Pokonaj MATKĘ WINOROŚLI w <TIME> lub szybciej","Derrote MÃE DAS VINHAS em até <TIME>","Победи РАСТЕНИЕ-МАТРИАРХ за <TIME> или быстрее","Derrota a la enredadera madre en <TIME> o menos","Päihitä KÖYNNÖSEMO ajassa <TIME> tai nopeammin","Versla de MOEDERPLANT in <TIME> of minder.","<TIME> veya daha kısa sürede SARMAŞIK ANNE yok et","Kalahkan INDUK MERAMBAT dalam <TIME> atau kurang","เอาชนะเถาวัลย์ตัวแม่ในระยะเวลา <TIME> หรือน้อยกว่า"
"TID_COMPLETE_DUNGEON_TASK_DESC_WITH_TIME_CH02_DG_02","Defeat AXIS in <TIME> or less","اهزم آكسيس خلال <TIME> أو اقل.","Éliminer AXIS en moins de <TIME>","在<TIME>或更短时间内击倒中轴","在<TIME>以內擊殺中軸","Bewältige AXIS in höchstens <TIME>!","Sconfiggi AXIS in <TIME> o meno","アクシスを<TIME>以内に倒す","<TIME> 이내에 액시스 물리치기","Pokonaj AKSISA w <TIME> lub szybciej","Derrote ÁXIS em até <TIME>","Победи АКСИСА за <TIME> или быстрее","Derrota al axis en <TIME> o menos","Päihitä AKSELI ajassa <TIME> tai nopeammin","Versla AXIS in <TIME> of minder.","<TIME> veya daha kısa sürede AKSİS yok et","Kalahkan AXIS dalam <TIME> atau kurang","เอาชนะแอคซิสในระยะเวลา <TIME> หรือน้อยกว่า"
"TID_COMPLETE_DUNGEON_TASK_DESC_WITH_TIME_CH02_DG_03","Defeat TIDEMASTER in <TIME> or less","اهزم أمير البحار خلال <TIME> أو أقل.","Éliminer MAÎTRE DES VAGUES en moins de <TIME>","在<TIME>或更短时间内击倒唤潮者","在<TIME>以內擊殺喚潮者","Bewältige GEZEITENMEISTER in höchstens <TIME>!","Sconfiggi il SIGNORE DELLE MAREE in <TIME> o meno","タイドマスターを<TIME>以内に倒す","<TIME> 이내에 조류 마스터 물리치기","Pokonaj WŁADCĘ FAL w <TIME> lub szybciej","Derrote BICHANO DO MAR em até <TIME>","Победи ВЛАДЫКУ ВОЛН за <TIME> или быстрее","Derrota al señor de las mareas en <TIME> o menos","Päihitä VUOROVESIMESTARI ajassa <TIME> tai nopeammin","Versla de TIJMEESTER in <TIME> of minder.","<TIME> veya daha kısa sürede MEDCEZİR UZMANI yok et","Kalahkan MEONG OMBAK dalam <TIME> atau kurang","เอาชนะเหมียวเจ้าสมุทรในระยะเวลา <TIME> หรือน้อยกว่า"
"TID_COMPLETE_DUNGEON_TASK_DESC_WITH_TIME_CH02_DG_04","Close the MEGA INVASION PORTAL in <TIME> or less","أغلق بوابة الغزو العملاقة خلال <TIME> أو أقل.","Fermer le MÉGA PORTAIL D'INVASION en moins de <TIME>","在<TIME>或更短时间内关闭超大入侵传送门","在<TIME>以內關閉超大入侵傳送門","Bewältige MEGA-INVASIONSPORTAL in höchstens <TIME>!","Chiudi il MEGAPORTALE D'INVASIONE in <TIME> o meno","メガ侵略ポータルを<TIME>以内に閉じる","<TIME> 이내에 메가 침략 포털 닫기","Zamknij MEGA PORTAL INWAZJI w <TIME> lub szybciej","Feche MEGAPORTAL DE INVASÃO em até <TIME>","Закрой МЕГАПОРТАЛ ВТОРЖЕНИЯ за <TIME> или быстрее","Cierra el megaportal de invasión en <TIME> o menos","Sulje MEGAHYÖKKÄYSPORTAALI ajassa <TIME> tai nopeammin","Sluit het MEGA-INVASIEPORTAAL in <TIME> of minder.","<TIME> veya daha kısa sürede MEGA İSTİLA PORTALINI kapat","Tutup PORTAL INVASI MEGA dalam <TIME> atau kurang","ปิดประตูมิติรุกรานเมก้าในระยะเวลา <TIME> หรือน้อยกว่า"
"TID_COMPLETE_DUNGEON_TASK_DESC_WITH_TIME_CH02_DG_05","Complete WAVE MACHINE in <TIME> or less","أكمل ماكينة الأمواج خلال <TIME> أو أقل.","Terminer MACHINE À VAGUES en moins de <TIME>","在<TIME>或更短时间内通关攻势如潮","在<TIME>以內通關攻勢如潮","Schließe WELLENMASCHINE in höchstens <TIME> ab!","Supera \qONDATE A NASTRO\q in <TIME> o meno","ウェーブマシンを<TIME>以内にクリアする","<TIME> 이내에 웨이브 머신 클리어하기","Ukończ GENERATOR FAL w <TIME> lub szybciej","Conclua MÁQUINA DE MAREMOTO em até <TIME>","Пройди «ГЕНЕРАТОР ВОЛН» за <TIME> или быстрее","Completa Máquina de olas en <TIME> o menos","Suorita AALTOKONE ajassa <TIME> tai nopeammin","Voltooi GOLVENMACHINE in <TIME> of minder.","<TIME> veya daha kısa sürede DALGA MAKİNESİNİ tamamla","Selesaikan MESIN GELOMBANG dalam <TIME> atau kurang","เล่นเครื่องปล่อยระลอกรุกรานให้เสร็จในระยะเวลา <TIME> หรือน้อยกว่า"
"TID_COMPLETE_DUNGEON_TASK_DESC_WITH_TIME_CH02_DG_06","Defeat MEGA TOXIC SPITTER in <TIME> or less","اهزم البصّاق السام العملاق خلال <TIME> أو أقل.","Éliminer MÉGA CRACHEUR TOXIQUE en moins de <TIME>","在<TIME>或更短时间内击倒超大剧毒喷射怪","在<TIME>以內擊殺超大劇毒噴射怪","Bewältige MEGA-GIFTSPUCKER in höchstens <TIME>!","Sconfiggi il MEGASPUTACCHIATORE TOSSICO in <TIME> o meno","メガ毒スピッターを<TIME>以内に倒す","<TIME> 이내에 메가 독성 스피터 물리치기","Pokonaj MEGA TRUJĄCEGO PRYCHACZA w <TIME> lub szybciej","Derrote MEGACUSPIDOR TÓXICO em até <TIME>","Победи ЯДОВИТОГО МЕГАПЛЕВУНА за <TIME> или быстрее","Derrota al megaescupidor tóxico en <TIME> o menos","Päihitä MEGAMYRKKYSYLKIJÄ ajassa <TIME> tai nopeammin","Versla de GIFTIGE MEGA-SPUWER in <TIME> of minder.","<TIME> veya daha kısa sürede MEGA ZEHİRLİ ATICI yok et","Kalahkan SPITTA BERACUN MEGA dalam <TIME> atau kurang","เอาชนะจอมพ่นพิษเมก้าในระยะเวลา <TIME> หรือน้อยกว่า"
"TID_COMPLETE_DUNGEON_TASK_DESC_WITH_TIME_CH02_DG_07","Defeat DEADEYE in <TIME> or less","اهزم القناص المحترف خلال <TIME> أو أقل.","Éliminer TORVŒIL en moins de <TIME>","在<TIME>或更短时间内击倒狙击手","在<TIME>以內擊殺狙擊手","Bewältige SCHARFSCHÜTZE in höchstens <TIME>!","Sconfiggi l'OCCHIO DI LINCE in <TIME> o meno","デッドアイを<TIME>以内に倒す","<TIME> 이내에 명사수 물리치기","Pokonaj STRZELCA WYBOROWEGO w <TIME> lub szybciej","Derrote GATUNO em até <TIME>","Победи СТРЕЛКА за <TIME> или быстрее","Derrota al parche en <TIME> o menos","Päihitä KUOLONSILMÄ ajassa <TIME> tai nopeammin","Versla DOODSOOG in <TIME> of minder.","<TIME> veya daha kısa sürede KESKİN NİŞANCI yok et","Kalahkan Meong Jeli dalam <TIME> atau kurang","เอาชนะเหมียวยิงแม่นในระยะเวลา <TIME> หรือน้อยกว่า"
"TID_COMPLETE_DUNGEON_TASK_DESC_WITH_TIME_CH02_DG_08","Defeat THE PRINCE in <TIME> or less","اهزم الأمير خلال <TIME> أو أقل.","Éliminer LE PRINCE en moins de <TIME>","在<TIME>或更短时间内击倒王子","在<TIME>以內擊殺王子","Bewältige DER PRINZ in höchstens <TIME>!","Sconfiggi il PRINCIPE in <TIME> o meno","プリンスを<TIME>以内に倒す","<TIME> 이내에 프린스 물리치기","Pokonaj KSIĘCIA w <TIME> lub szybciej","Derrote PRÍNCIPE em até <TIME>","Победи ПРИНЦА за <TIME> или быстрее","Derrota al principito en <TIME> o menos","Päihitä PRINSSI ajassa <TIME> tai nopeammin","Versla DE PRINSES in <TIME> of minder.","<TIME> veya daha kısa sürede PRENS yok et","Kalahkan PANGERAN dalam <TIME> atau kurang","เอาชนะเจ้าชายในระยะเวลา <TIME> หรือน้อยกว่า"
"TID_COMPLETE_DUNGEON_TASK_DESC_WITH_TIME_CH02_DG_09","Defeat SPIN SLAYER in <TIME> or less","اهزم سفاح الدوران خلال <TIME> أو أقل.","Éliminer FAUCHEUR TOURNEUR en moins de <TIME>","在<TIME>或更短时间内击倒旋风兽","在<TIME>以內擊殺旋風獸","Bewältige VERDREHTER VERNICHTER in höchstens <TIME>!","Sconfiggi il SICARIO ROTANTE in <TIME> o meno","スピンスレイヤーを<TIME>以内に倒す","<TIME> 이내에 스핀 슬레이어 물리치기","Pokonaj WIRUJĄCEGO RZEŹNIKA w <TIME> lub szybciej","Derrote ALGOZ GIRATÓRIO em até <TIME>","Победи ВИХРЕРЕЗА за <TIME> или быстрее","Derrota al segador giratorio en <TIME> o menos","Päihitä KIERREVIILTÄJÄ ajassa <TIME> tai nopeammin","Versla de SPINSMOOR in <TIME> of minder.","<TIME> veya daha kısa sürede DÖNER BİÇER yok et","Kalahkan SLAYA BERPUTAR dalam <TIME> atau kurang","เอาชนะพลสังหารหมุนติ้วในระยะเวลา <TIME> หรือน้อยกว่า"
"TID_COMPLETE_DUNGEON_TASK_DESC_WITH_TIME_CH02_DG_10","Defeat GRAND LIBRARIAN in <TIME> or less","اهزم أمين المكتبة الكبير خلال <TIME> أو أقل.","Éliminer BIBLIOTHÉCAIRE SUPÉRIEUR en moins de <TIME>","在<TIME>或更短时间内击倒大图书馆管理员","在<TIME>以內擊殺大圖書館管理員","Bewältige GROSSER BIBLIOTHEKAR in höchstens <TIME>!","Sconfiggi il GRAN BIBLIOTECARIO in <TIME> o meno","魔導司書を<TIME>以内に倒す","<TIME> 이내에 그랜드 사서 물리치기","Pokonaj WIELKIEGO BIBLIOTEKARZA w <TIME> lub szybciej","Derrote GRANDE BIBLIOTECÁRIO em até <TIME>","Победи ГЛАВНОГО БИБЛИОТЕКАРЯ за <TIME> или быстрее","Derrota al gran bibliotecario en <TIME> o menos","Päihitä SUURKIRJASTONHOITAJA ajassa <TIME> tai nopeammin","Versla de GROTE BIBLIOTHECARIS in <TIME> of minder.","<TIME> veya daha kısa sürede BÜYÜK KÜTÜPHANECİ yok et","Kalahkan PUSTAKAWAN AGUNG dalam <TIME> atau kurang","เอาชนะบรรณารักษ์ห้องสมุดโอ่โถงในระยะเวลา <TIME> หรือน้อยกว่า"
"TID_COMPLETE_DUNGEON_TASK_DESC_WITH_TIME_CH02_DG_12","Defeat SNOWBALL in <TIME> or less","اهزم كرة الثلج العملاقة خلال <TIME> أو أقل.","Éliminer BOULE DE NEIGE en moins de <TIME>","在<TIME>或更短时间内击倒雪球","在<TIME>以內擊殺雪球","Bewältige SCHNEEBALL in höchstens <TIME>!","Sconfiggi la PALLA DI NEVE in <TIME> o meno","スノーボールを<TIME>以内に倒す","<TIME> 이내에 스노볼 물리치기","Pokonaj KULĘ ŚNIEGU w <TIME> lub szybciej","Derrote BOLA DE NEVE em até <TIME>","Победи ГИГАНТСКИЙ СНЕЖОК за <TIME> или быстрее","Derrota a la bola de nieve en <TIME> o menos","Päihitä JÄTTILUMIPALLO ajassa <TIME> tai nopeammin","Versla SNEEUWBAL in <TIME> of minder.","<TIME> veya daha kısa sürede KARTOPU tok et","Kalahkan MEONG SALJU dalam <TIME> atau kurang","เอาชนะเหมียวบอลหิมะในระยะเวลา <TIME> หรือน้อยกว่า"
"TID_COMPLETE_DUNGEON_TASK_DESC_CH02_MANNY_ESCORT_DUNGEON","Escort Manny to the Rift Passage","رافق ماني إلى ممر الصدع.","Escorter Manny jusqu'au passage de faille","将曼尼护送到裂谷入口","將曼尼護送到裂谷入口","Eskortiere Manny zur Riftpassage!","Scorta Manny al punto d'accesso","マニーをリフトの道へ誘導する","매니를 리프트 통로로 호위하기","Eskortuj Manny'ego do przesmyku w rozpadlinie","Escolte o Manny até a passagem do rifte","Сопроводи Мэнни к проходу через разлом","Escolta a Manny hasta el pasaje de grieta","Saata Manny Kuilukäytävään","Begeleid Manny naar de riftdoorgang.","Geçit yoluna kadar Manny'ye eşlik et","Kawal Manny ke Jalan Vorteks","คุ้มกันแมนนี่ไปยังเส้นทางรอยแยกมิติ"
"TID_COMPLETE_DUNGEON_TASK_DESC_CH02_JAX_SOLDIER_DUNGEON","Help Jax defeat GUARDIAN JUGGLER","ساعد جاكس في هزيمة الحاوي الحارس.","Aider Jax à éliminer GARDE-JONGLEUR","帮贾克斯击倒护卫杂耍怪","幫賈克斯擊殺護衛雜耍怪","Hilf Jax, die JONGLEURWACHE zu besiegen!","Aiuta Jax a sconfiggere il GIOCOLIERE GUARDIANO","ジャックスがガーディアンジャグラーを倒すのに協力する","잭스를 도와 가디언 저글러 물리치기","Pomóż Jaxowi pokonać ŻONGLERA STRAŻNIKA","Ajude o Jax a derrotar MALABARISTA GUARDA","Помоги Джаксу победить ЖОНГЛЁРА-СТРАЖА","Ayuda a Jax a derrotar al juglar guardián","Auta Jaxia päihittämään VARTIJAJONGLÖÖRI","Help Jax de BESCHERMER-KEILER te verslaan.","Jax'in MUHAFIZ HOKKABAZI yok etmesine yardım et","Bantu Jax menumbangkan JUGGLO JAGAL","ช่วยแจ็กซ์เอาชนะพลเล่นไฟผู้พิทักษ์"
"TID_COMPLETE_DUNGEON_TASK_DESC_CH02_LUNA_SOLDIER_DUNGEON","Bring Luna back!","أعد لونا!","Ramener Luna !","把露娜带回来！","把露娜帶回來！","Bring Luna zurück!","Riporta Luna a casa!","ルナを救い出す","루나를 다시 데려오기!","Sprowadź z powrotem Lunę!","Traga a Luna de volta!","Верни Луну!","¡Salva a Luna!","Pelasta Luna!","Breng Luna terug!","Luna'yı geri getir!","Bawa Luna kembali!","พาลูน่ากลับมา!"
"TID_PROTECT_HARVESTER_EVENT_M","Harvester Handymen","صنائعيو الحواصد","Récolteur à tout faire","采集器技师","採集器技師","Erntehelfer","Tuttofare raccoglitori","ハーベスターハンディマン","수집기 수리공","Mechanicy kombajnu","Técnicos das colheitadeiras","Слесари по сборщикам","Mecánicos de cosechadoras","Kerääjä-apumiehet","Oogster-klussers","Hasatçı Tamirci","Teknisi Pemanen","ช่างซ่อมเครื่องเก็บเกี่ยว"
"TID_SCOOTER_M","Neck Breakers","كاسرو الرقاب","Brise-cous","断颈怪","斷頸怪","Halsbrecher","Spezzacollo","ネックブレイカー","넥 브레이커","Karkołomniaki","Esmaga-goelas","Шееломки","Fracturacuellos","Niskanmurtajat","Nekkenbrekers","Boyun Kıran","Neckie","จอมหักคอ"
"TID_PINKYBRUISER_BODY_EPIC_FEMALE_01_C","Blitzstorm Battle Bunny – Berry","أرنب المعركة العاصفة – نموذج التوت","Lapinou de bataille - Fruit rouge","雷暴突击兔 - 小浆果","雷暴突擊兔 - 小莓果","Kampfkarnickel Donnerwetter – Beere","Coniglio da guerra (bacca)","ブリッツストームバトルバニー - ベリー","블리츠스톰 배틀 버니 - 베리","Bojowy króliczek – Jagódka","Coelho caótico (frutas vermelhas)","Орден боевых кроликов — ягода","Conejito de batalla (moras)","Ukkosmyrskyn taistelupupu – Marjaisa","Strijdkonijn - bes","Savaş Tavşanı - Böğürtlen","Pendekar Kelinci Blitzstorm – Beri","หน่วยรบกระต่ายฟ้าแลบ - เบอร์รี่"
"TID_PINKYBRUISER_BODY_EPIC_FEMALE_01_D","Blitzstorm Battle Bunny – Graytail","أرنب المعركة العاصفة – نموذج الذيل الرمادي","Lapinou de bataille - Chat gris","雷暴突击兔 - 灰尾巴","雷暴突擊兔 - 灰尾巴","Kampfkarnickel Donnerwetter – Grauschweif","Coniglio da guerra (coda grigia)","ブリッツストームバトルバニー - グレイテイル","블리츠스톰 배틀 버니 - 그레이테일","Bojowy króliczek – Szaraczek","Coelho caótico (nuvem cinza)","Орден боевых кроликов — серый хвост","Conejito de batalla (nube grisácea)","Ukkosmyrskyn taistelupupu – Harmaahäntä","Strijdkonijn - grijsstaart","Savaş Tavşanı - Gri Kuyruk","Pendekar Kelinci Blitzstorm – Ekor Abu-Abu","หน่วยรบกระต่ายฟ้าแลบ - เกรย์เทล"
"TID_PINKYBRUISER_BODY_EPIC_MALE_01_C","Chaos Cat Crusader – Bluebell","فارس قطط الفوضى – نموذج الجرس الأزرق","Matou de bataille – Jacinthe","猫猫十字军 - 蓝铃铛","貓貓十字軍 - 藍鈴鐺","Chaoskreuzritter Katze – Hasenglöckchenblau","Crociato felino (campanula)","カオスキャットクルセイダー - ブルーベル","카오스냥 크루세이더 - 블루벨","Kociak z pazurem – Dzwoneczek","Felino cibernético (campânula)","Орден котят хаоса — колокольчик","Felino mecanizado (azulón)","Kaaoksen kissaritari – Sinikello","Katkrijger - boshyacint","Kaos Kedisi - Çan Çiçeği","Pendekar Kucing Huru-hara – Lonceng Biru","นักรบแมวเคออส - บลูเบล"
"TID_PINKYBRUISER_BODY_EPIC_MALE_01_D","Chaos Cat Crusader – Graytail","فارس قطط الفوضى - نموذج الذيل الرمادي","Matou de bataille – Chat gris","猫猫十字军 - 灰尾巴","貓貓十字軍 - 灰尾巴","Chaoskreuzritter Katze – Grauschweif","Crociato felino (coda grigia)","カオスキャットクルセイダー - グレイテイル","카오스냥 크루세이더 - 그레이테일","Kociak z pazurem – Szaraczek","Felino cibernético (nuvem cinza)","Орден котят хаоса — серый хвост","Felino mecanizado (nube grisácea)","Kaaoksen kissaritari – Harmaahäntä","Katkrijger - grijsstaart","Kaos Kedisi - Gri Kuyruk","Pendekar Kucing Huru-hara – Ekor Abu-Abu","นักรบแมวเคออส - เกรย์เทล"
"TID_mechamythical_weapon_epic_02_a","Armored Toothpick & Shield – Nebula","رمح خلة الأسنان والدرع – نموذج السديم","Pique et bouclier renforcés - Nebula","重甲牙签与盾牌 - 星云","重甲牙籤與盾牌 - 星雲","Gepanzerter Zahnstocher und Schild – Nebula","Scudo e stuzzicadenti metallici (nebula)","アーマード巨大爪楊枝＋盾 – ネビュラ","창과 방패 중무장 - 네뷸라","Opancerzona Wykałaczka i Tarcza – Mgławica","Palito e escudo blindado (nebulosa)","Бронированные щит и зубочистка — туманность","Palillo y Escudo armado (nebulosa)","Vahvistettu hammastikku ja kilpi – Tähtisumu","Gepantserde tandenstoker en schild - nevel","Zırhlı Kürdan ve Kalkan - Nebula","Tusuk Gigi dan Perisai Berlapis – Nebula","หอกจิ้มและโล่ทรหดหุ้มเกราะ - เนบิวลา"
"TID_mechamythical_weapon_epic_02_b","Armored Toothpick & Shield – Cerulean","رمح خلة الأسنان والدرع – نموذج أزرق سماوي","Pique et bouclier renforcés - Céruléen","重甲牙签与盾牌 - 蔚蓝","重甲牙籤與盾牌 - 蔚藍","Gepanzerter Zahnstocher und Schild – Himmelblau","Scudo e stuzzicadenti metallici (ceruleo)","アーマード巨大爪楊枝＋盾 - セルリアン","창과 방패 중무장 - 세루리안","Opancerzona Wykałaczka i Tarcza – Modra","Palito e escudo blindado (cerúleo)","Бронированные щит и зубочистка — лазурит","Palillo y Escudo armado (celeste)","Vahvistettu hammastikku ja kilpi – Taivaan sini","Gepantserde tandenstoker en schild - oceaan","Zırhlı Kürdan ve Kalkan - Gök Mavisi","Tusuk Gigi dan Perisai Berlapis – Biru Langit","หอกจิ้มและโล่ทรหดหุ้มเกราะ - ซีรูเลียน"
"TID_mechamythical_weapon_epic_01_a","Armored Poison Bow – Nebula","قوس السم – نموذج السديم","Arc toxique renforcé - Nebula","重甲淬毒弓 - 星云","重甲淬毒弓 - 星雲","Gepanzerter Giftbogen – Nebula","Arcoveleno metallico (nebula)","アーマードポイズンボウ - ネビュラ","포이즌 활 중무장 - 네뷸라","Opancerzony Trujący Łuk – Mgławica","Arco tóxico blindado (nebulosa)","Бронированный ядовитый лук — туманность","Arco Cáustico armado (nebulosa)","Vahvistettu myrkkyjousi – Tähtisumu","Gepantserde gifboog - nevel","Zırhlı Zehirli Yay - Nebula","Busur Beracun Berlapis – Nebula","คันศรอาบพิษหุ้มเกราะ - เนบิวลา"
"TID_mechamythical_weapon_epic_01_b","Armored Poison Bow – Cerulean","قوس السم – نموذج أزرق سماوي","Arc toxique renforcé - Céruléen","重甲淬毒弓 - 蔚蓝","重甲淬毒弓 - 蔚藍","Gepanzerter Giftbogen – Himmelblau","Arcoveleno metallico (ceruleo)","アーマードポイズンボウ - セルリアン","포이즌 활 중무장 - 세루리안","Opancerzony Trujący Łuk – Modry","Arco tóxico blindado (cerúleo)","Бронированный ядовитый лук — лазурит","Arco Cáustico armado (celeste)","Vahvistettu myrkkyjousi – Taivaan sini","Gepantserde gifboog - oceaan","Zırhlı Zehirli Yay - Gök Mavisi","Busur Beracun Berlapis – Biru Langit","คันศรอาบพิษหุ้มเกราะ - ซีรูเลียน"
"TID_BOT_NAME_2","Nice","Ice","Ice","寒冰","寒冰","Eis","Gelo","Ice","아이스","Lód","Paladino sagrado","Ice","Ice","Ice","IJs","Ice","Es","Ice"
"TID_tribaldrip_body_epic_female_01_b","Sun Dancer - Kermes Crimson","راقص الشمس - نموذج قرمزي كرمس","Danseuse solaire - Carmin","崇日舞者 - 洋红风暴","崇日舞者 - 洋紅風暴","Sonnenanbeterin – Kermesrot","Danzatore del sole (chermes)","サンダンサー - ケルメスクリムゾン","솔라 댄서 - 컬미스 크림슨","Tancerz słońca – Kermesowy karmazyn","Dançarino solar (carmim carmesim)","Солнечный хоровод — кошенильный красный","Danza solar (tinte escarlata)","Aurinkotanssija – Kermesinpunainen","Zonnedanser - kermesrood","Güneş Dansçısı - Kermes Kırmızısı","Penari Surya - Kermes Merah","เผ่าทินกร - แดงแมลงเคอร์เมส"
"TID_tribaldrip_body_legendary_neutral_01_a","Seer of the Beasthorn - Kermes Crimson","عراف قرن الوحوش - نموذج قرمزي كرمس","Prophète de la Bête - Carmin","兽角先知 - 洋红风暴","獸角先知 - 洋紅風暴","Gehörntes Kleid – Kermesrot","Signore delle bestie (chermes)","ビーストホーン - ケルメスクリムゾン","비스트 혼 - 컬미스 크림슨","Jasnowidz zwierzorogu – Kermesowy karmazyn","Vidência espectral (carmim carmesim)","Повелитель чудовищ — кошенильный красный","Profeta de calamidades (tinte escarlata)","Petosarvitietäjä – Kermesinpunainen","Ziener van de Beesthoorn - kermesrood","Boynuzlu Kahin - Kermes Kırmızısı","Pemburu Tanduk - Kermes Merah","ผู้หยั่งรู้สรรพสัตว์ - แดงแมลงเคอร์เมส"
"TID_tribaldrip_headgear_epic_01_a","Spirit Finder - Kermes Crimson","باحث الأرواح - نموذج قرمزي كرمس","Chasseur d'esprits - Carmin","精灵向导 - 洋红风暴","精靈嚮導 - 洋紅風暴","Seelenfinder – Kermesrot","Sciamano degli spiriti (chermes)","スピリットファインダー - ケルメスクリムゾン","스피릿 파인더 - 컬미스 크림슨","Poszukiwacz dusz – Kermesowy karmazyn","Espiritualista (carmim carmesim)","Искатель духов — кошенильный красный","Invocación de espíritus (tinte escarlata)","Henkien etsijä – Kermesinpunainen","Geestenzoeker - kermesrood","Ruh Bulucu - Kermes Kırmızısı","Pemanggil Arwah - Kermes Merah","หน้ากากเพรียกวิญญาณ - แดงแมลงเคอร์เมส"
"TID_tribaldrip_mount_epic_01_b","Heatkeeper Llambra - Kermes Crimson","لامبرا الدفء - نموذج قرمزي كرمس","Gardien solaire - Carmin","保温座驾 - 洋红风暴","保溫座駕 - 洋紅風暴","Widerwilliger Wollwidder – Kermesrot","Aries scaldacuore (chermes)","ハートキーパー - ケルメスクリムゾン","히트 키퍼 - 컬미스 크림슨","Strażniczka ciepła Jagienka – Kermesowy karmazyn","Carona mística (carmim carmesim)","Вьючная ламбра — кошенильный красный","Carnerito místico (tinte escarlata)","Lämmönvartija-lampakka – Kermesinpunainen","Geïsoleerde llambra - kermesrood","Mistik Büyükbaş - Kermes Kırmızısı","Penjaga Api Suci - Kermes Merah","จามรีอุ่นกาย - แดงแมลงเคอร์เมส"
"TID_tribaldrip_headgear_legendary_01_a","Seer of the Beasthorn - Kermes Crimson","عراف قرن الوحوش - نموذج قرمزي كرمس","Prophète de la Bête - Carmin","兽角先知 - 洋红风暴","獸角先知 - 洋紅風暴","Gehörntes Kleid – Kermesrot","Signore delle bestie (chermes)","ビーストホーン - ケルメスクリムゾン","비스트 혼 - 컬미스 크림슨","Jasnowidz zwierzorogu – Kermesowy karmazyn","Vidência espectral (carmim carmesim)","Повелитель чудовищ — кошенильный красный","Profeta de calamidades (tinte escarlata)","Petosarvitietäjä – Kermesinpunainen","Ziener van de Beesthoorn - kermesrood","Boynuzlu Kahin - Kermes Kırmızısı","Pemburu Tanduk - Kermes Merah","ผู้หยั่งรู้สรรพสัตว์ - แดงแมลงเคอร์เมส"
TID_BATTLE_XP_DESC,"60 000 Battle XP is added each day. 30 000 of this is Boosted XP, which is earned 3x faster than normal XP. You can save up to 7 days' worth of uncollected XP.",تُضاف 60 ألف نقطة خبرة معركة يوميًا.30 ألف منها خبرة معززة، تُكتسب بثلاثة أمثال سرعة نقاط الخبرة العادية. يمكنك توفير ما يصل إلى 7 أيام من الخبرة غير المجمعة في المرة.,"60K pts d'EXP de combat sont ajoutés chaque jour. Parmi eux, 30K sont des unités d'EXP boostée, que tu obtiens 3x plus vite que l'EXP normale. Tu peux cumuler jusqu'à 7 jours d'EXP non récupérée à la fois.",每天会新增6万对战经验值，其中3万是加成经验值，其获取速度是普通经验值的3倍。你可以积攒未获取的经验值，但上限相当于7天的数值。,每天會新增6萬對戰經驗值，其中3萬是加成經驗值，其獲取速度是普通經驗值的3倍。你可以累積未獲取的經驗值，但上限相當於7天的數值。,"60.000 Kampf-XP werden jeden Tag hinzugefügt – davon sind 30.000 geboostete XP, die dreimal schneller als normale XP verdient werden. Nicht abgeholte XP können bis zu sieben Tage lang angesammelt werden.","Ogni giorno vengono messi a disposizione 60.000 XP delle battaglie e 30.000 di questi sono guadagnabili al triplo della velocità normale. Gli XP che non hai ottenuto saranno tenuti da parte, fino a una quantità massima pari a quella guadagnabile in sette giorni.",毎日6万バトルXPが追加され、そのうち3万は3倍速で獲得できるブーストXPです。未回収のXPは最大7日分まで保持されます。,매일 6만 전투 XP가 추가됩니다. 그중 3만은 일반 XP보다 3배 빠르게 획득할 수 있는 부스트 XP입니다. 최대 7일분의 미획득 XP를 모아둘 수 있습니다.,Każdego dnia dodawane jest 60 tys. bojowych PD. 30 tys. z nich ma zwiększony przyrost i zdobywa się je trzykrotnie szybciej niż normalnie. Możesz mieć równowartość 7 dni niezebranych PD jednocześnie.,"Até 60 mil de XP de batalha são adicionados por dia, dos quais 30 mil são de XP acelerado, que pode ser obtido três vezes mais rápido do que o XP normal. É possível armazenar XP não coletado por até sete dias de cada vez.","Каждый день добавляется 60 000 очков боевого опыта. Из них 30 000 — это увеличенный опыт, который зарабатывается в 3 раза быстрее обычного. Опыт можно накапливать, но запас накопленного опыта не может превышать количество, которое можно получить суммарно за 7 дней.","Cada día, hay disponibles 60 000 de EXP. de batalla. 30 000 de dicha cantidad es EXP: potenciada que se obtiene 3 veces más deprisa que la normal. Puedes acumular una cantidad de EXP. sin reclamar equivalente a 7 días.","60 000 taistelu-XP:tä lisätään jokaisena päivänä. Niistä 30 000 on tehostettua XP:tä, jotka ansaitset kolme kertaa nopeammin kuin normaali XP. Voit säästää korkeintaan seitsemän päivän edestä keräämätöntä XP:tä kerrallaan.","Er wordt elke dag 60.000 gevechts-XP toegevoegd. 30.000 hiervan is gebooste XP, die je 3x sneller verdient dan normale XP. Je kunt tot 7 dagen aan niet-verzamelde XP tegelijk opslaan.","Her gün 60.000 savaş DP'si eklenir. Bunların 30.000'i güçlendirilmiş DP'dir, normal DP'ye göre üç kat hızlı kazanılır. Toplamadığın DP'ler en fazla yedi günlük miktarda birikir.",60k XP Pertempuran akan ditambahkan setiap hari. 30k di dalamnya adalah \qXP Digandakan\q yang bisa diraih 3x lebih cepat dari XP normal. XP yang belum diklaim dapat disimpan hingga 7 hari.,"แต่ละวันจะมีค่าประสบการณ์การต่อสู้ที่คุณรับได้ 60,000 แต้ม โดยแบ่งเป็นค่าประสบการณ์บูสต์แล้ว 30,000 แต้ม ซึ่งคุณจะได้รับเร็วกว่าค่าประสบการณ์ปกติ 3 เท่า คุณสามารถสะสมค่าประสบการณ์ที่ยังไม่ได้รับเป็นจำนวนสูงสุดเท่ากับแต้มสำหรับ 7 วันได้ในแต่ละครั้ง"
